reviews,context,product_type,purchase_method,sentiment,pros,cons,summary,start_time,end_time
"하필 딱 3월말에 LG 워시타워 받기로 되어있었는데(320만원 정도에 구매)와.. 이건 공간 활용성이나 10년간 사용한다고 가정했을때 그동안 세탁물 건조기로 옮기는 수고로움 까지 생각하면(초기 형태의 제품이라 하자의 공포도 있지만) 몇백을 더 써야하나 싶어질 정도네요..;;올해는 시그니처 모델만 나온다고 했다가 삼성 견제 탓인지 머지 않아 일반형 모델도 나오는걸로 변경 된거 같긴한데다들 어떻게 생각 하시나요~https://www.lg.co.kr/media/release/27355■ 세탁 후 알아서 건조 시작…젖은 세탁물 건조기로 옮기는 번거로움 없애    □ 가사 해방을 통한 삶의 가치 제고(Zero Labor Home, Makes Quality Time) 앞당겨    □ 외출 전 세탁 시작하고 귀가시간 맞춰 건조 끝나도록 예약 가능    □ 도어 살짝 터치하거나 음성으로 문 열 수 있는 등 다양한 편의기능 탑재    ■ 국내 최초 인버터 히트펌프 방식 올인원 세탁건조기    □ 세척 용량 25kg, 건조 용량 13kg…활용도 높은 4kg 용량 미니워시도 갖춰    ■ LG 프리미엄 세탁기·건조기 상징인 인공지능(AI) DD모터 탑재    □ 인공지능이 의류재질 따른 최적 모션 구현…세탁·건조 예상시간 빠르게 알려줘    ■ 超프리미엄 ‘LG 시그니처’ 핵심가치인 ‘기술의 미학’ 고스란히 담아    □ 미니멀리즘과 리얼 스테인리스 소재로 유행 타지 않는 타임리스 디자인 완성    ■ 22일부터 전국 99개 매장에 진열하고 판매 개시…출하가 690만원    □ 일반형 제품인 LG 트롬 오브제컬렉션 워시콤보도 4월 출시 예정    ■ LG전자 H&amp;A사업본부 리빙솔루션사업부장 백승태 부사장     “세탁과 건조를 한번에 끝내 잃어버렸던 공간과 시간을 돌려주는 혁신적인 제품”이라며 “고객의 가사 노동 해방을 위한 차별화된 기술을 선보일 것”            LG전자(대표이사 조주완)가 세탁부터 건조까지 한 번에 끝내는 ‘꿈의 가전’ LG 시그니처(LG SIGNATURE) 세탁건조기를 22일부터 판매한다.        신제품은 시작 버튼 하나로 세탁 후 세탁물을 꺼내지 않고 건조까지 마치는 국내 최초 히트펌프 방식 올인원 세탁건조기다. 세탁 및 건조 용량은 각각 25kg, 13kg이다. 제품 하단에는 섬세한 의류나 기능성 의류는 물론 속옷, 아이옷 등을 분리 세탁할 수 있어 활용도가 높은 4kg 용량의 미니워시가 탑재돼 있다.        LG전자는 지난해 9월 독일에서 열린 전시회에서 이 제품을 처음 공개했다. 세탁기와 건조기를 사용해 본 고객이라면 누구나 꿈꾸던, 세탁·건조 과정을 한 번에 해결하는 혁신적 솔루션으로 관람객들의 주목을 받은 바 있다.        LG 시그니처 세탁건조기는 세탁이 끝나면 알아서 건조를 시작한다. 건조기를 돌리기 위해 세탁이 끝나기를 기다리지 않아도 되고, 중간에 젖은 세탁물을 건조기로 옮길 필요도 없다. LG전자 프리미엄 가전이 지향하는 ‘가사 해방을 통한 삶의 가치 제고(Zero Labor Home, Makes Quality Time)’에 한걸음 더 다가서는 고객경험 혁신을 실현했다.        외출할 때도 매우 유용하다. 고객은 외출 전 세탁을 시작하고 집에 돌아와 보송하게 건조까지 마무리된 세탁물을 꺼내 정리하면 된다. LG 씽큐(ThinQ) 앱 또는 제품에서 귀가시간에 맞춰 건조가 끝나도록 예약 시간을 설정할 수 있다.        LG 시그니처 세탁건조기는 공간을 효율적으로 사용한다. 세탁기와 건조기를 상하 직렬 배치했을 때와 비교하면 상부 수납공간을 추가로 확보할 수 있다. 세탁실의 창문 활용도 자유롭다.        LG전자는 건조기를 필수가전 반열에 올리는 데 기여한 일등공신이자 기존 제품의 페인 포인트를 해결한 인버터 히트펌프 방식의 건조 기술을 신제품에 적용했다. 이를 위해 세탁건조기 전용 인버터 히트펌프 건조 모듈까지 새롭게 자체 개발했다.        인버터 히트펌프 방식의 건조는 냉매를 순환시켜 발생한 열을 활용해 빨래가 머금고 있는 수분만 빨아들이는 저온 제습 방식으로 옷감보호에 유리하다. 여기에 모터의 속도를 조절해 상황에 따라 필요한 만큼만 작동하는 인버터 기술까지 적용해 에너지 효율이 높다. 즉, 히터 방식의 건조 대비 전기 사용량이 줄고 건조 성능을 높이는 데 최적이다.        신제품에는 LG전자 세탁기와 건조기의 차별화된 핵심부품 기술력(Core Tech)을 상징하는 인공지능(AI) DD모터가 탑재됐다. 내부 드럼의 회전속도를 정교하게 조절해 LG 세탁가전만의 차별화된 6모션 세탁과 건조를 구현한다.        신제품의 딥러닝 AI 기술은 의류 재질에 따라 최적의 모션으로 맞춤 세탁·건조를 진행한다. 세탁물을 넣고 문을 닫으면 무게를 빠르게 감지해 3~6초 만에 세탁·건조 예상 시간을 알려준다. 국내 최초로 세탁기 온디바이스 AI칩(DQ-C)이 적용돼 탈수과정의 딥러닝 강화학습 기능이 업그레이드 됐다. 이 기능은 탈수 시 세탁물을 균일하게 분산시켜 진동과 소음을 줄인다.        LG전자는 超프리미엄 가전 ‘LG 시그니처’가 추구하는 핵심가치인 ‘기술의 미학’을 신제품에 고스란히 담았다. 미니멀리즘과 리얼 스테인리스 소재로 유행을 타지 않는 타임리스 디자인을 완성했다. 제품 전면의 7인치 와이드 LCD 화면은 세탁기, 건조기, 미니워시의 모든 기능을 통합 제어한다.        LG 시그니처 세탁건조기는 고객이 더 편리하게 이용할 수 있도록 다양하고스마트한 편의기능을 갖췄다. ‘스마트 터치도어’는 도어의 특정 부분을 살짝 터치하거나 음성을 이용해 문을 열 수 있는 기능이다. 고객은 양손 가득 세탁물을 들고 있을 때 “하이 엘지, 문 열어줘”라고 말하면 된다.        “하이 엘지, 5시간 뒤에 완료 해줘”, “하이 엘지, 세탁기 원스탑 세탁해줘”, “세탁 종료시간 알려줘” 등의 음성 명령도 가능하다. “하이 엘지, 오늘의 세탁결과 알려줘”라고 말하면 음성으로 오염도에 따른 세탁 시간 등을 브리핑해 준다.        LG전자는 22일부터 전국 백화점 및 베스트샵 99개 매장에 신제품을 순차적으로 진열하고 판매에 들어간다. 신제품 출하가는 690만원이다. LG전자는 다음 달 17일까지 구매 고객에게 20만원 상당 멤버십 포인트를 제공하는 프로모션을 진행한다. 기존 LG 시그니처 제품을 보유하고 있는 고객에게는 20만원 상당 멤버십 포인트를 추가 적립해 준다. 구매 고객에게는 3월 18일부터 제품을 배송할 예정이다.        LG전자는 LG 시그니처 세탁건조기에 이어 일반형 제품인 LG 트롬 오브제컬렉션 워시콤보도 4월 출시할 예정이다.        H&amp;A 사업본부 리빙솔루션사업부장 백승태 부사장은 “세탁과 건조를 한번에 끝내 잃어버렸던 공간과 시간을 돌려주는 혁신적인 제품”이라며 “고객의 가사 노동 해방을 위한 차별화된 기술을 선보일 것”이라고 말했다.",LG 워시타워 구매,세탁기 및 건조기,구매,중립,"세탁 후 자동으로 건조 시작, 공간 활용성, 편의기능",초기 가격이 비싸다는 우려,"LG 워시타워에 대한 정보와 기능 설명, 초기 가격에 대한 우려와 시그니처 모델 출시에 대한 의견을 담고 있음.",2024-03-03 19:08:20,2024-03-03 19:08:23
"이렇게 많이 공감해주시는 분들이 있을 줄은 몰랐네요. ㅠㅠ댓글도 많고 감사합니다. 한분 한분 대댓 못해서 죄송합니다. ^^마눌님한테 얘기해주니 클량은 감사하고 삼성은 말도 꺼내지 말라네요.*******************************엘지로 구입하던 삼성으로 구입하던 뽑기를 잘 해야 하는데 제대로 당첨이네요.진짜 삼성제품 구입하지 마세요. 특히 냉장고~!!!정말 재수없게 걸리면 대응도 정말 주옥같습니다.작년 9월 새집으로 이사하면서 삼성 키친핏 1도어 냉장, 냉동 그리고 김치냉장고 구입하고,이 냉장고 3개를 기준으로 냉장고장을 맞췄습니다.좋아하는 마눌님을 보니 저도 좋더라구요.이 영상은 녹음도 인정 안해주고, 고객이 직접 증명하라는 식으로 대응해서 캠으로 데시벨 측정한 영상입니다.냉장고 설치하고 1~2주 지나고 부터 간헐적으로 발생하는 소음입니다.한번 폭주하면밥 먹다 말고 놀래고, 티비 보다 놀래고, 청소하다 놀래고 특히 새벽에 뒤척이다 물 한잔(혹은 화장실) 하러 일어났다가소음 폭주 때문에 잠 못잔적도 여러번 입니다.집에서 통화하면 통화하는 상대편이 들릴 정도입니다.(수십번 고객센터 통화하다보니 전화받은 고객센터 담당자도 들은적이 있습니다.)오늘까지 고객센터 이메일 그리고 전화로 AS신청 수십번 했습니다.나중에는 교환해주겠다는 품질팀장하고도 여러번 통화했습니다.중간에 다녀간 프로(기사)님들도 여럿 입니다.녹음한걸 들려주고, 수리(?)도 해주시고 했지만, 친절하시게 대응해주셨지만저희 부부가 받은 느낌은냉장고는 원래 소음 있습니다. 다른것도 그래요. 저희집도 그래요. 등등의 반응 였습니다.중요한건 프로님들 오시면 냉장고가 정말 얌전해집니다.고객센터 담당자도 오시는 프로님들도 녹음은 인정 안된다. 증명은 고객이 해야 합니다. 라는 식의 대응였습니다.제일 듣기 싫었던 말은 '원래 그래요.' '다 그래요.' 엘지 사용하는데 엘지도 그래요.' ㅠㅠ한번은 토요일에 냉동고가 멈춰버려 마눌님이 울먹거리면서 고객센터에 전화 한적도 있고,(냉동실 안에 있던 제품들 다 녹았습니다.)결정적으로 이번 설 연휴 시작하는 9일에는 김치냉장고가 멈췄습니다.1월. 집으로 온 품질팀장 이라는 분은 한참 집에 계시다 소음을 듣고는교환해주겠다고 1월 안으로 꼭 연락드린다고 했으나, 연락은 커녕 메시지 조차 없이 무대응으로 대응했습니다.설 몇 일전에 전화하니 누군지도 모르고, 명절 지나서 전화하려고 했다며변명만 했다고 하더라구요. 그리고 몇일 후. 설 연휴 시작하는 날 김치냉장고가 멈췄습니다.그냥 입에서 쌍욕만 나오더라구요. 와이프는 완전 멘붕오고요.. ㅠㅠ김치냉장고 멈추기 전 날 부터 발생하는 소음입니다. (사우나실에 들어가면 들리는 소음하고 비슷해요.)이 소리도 자다 깨서 한번 신경 쓰이기 시작하면 잠을 못자네요.4개월 동안 저 냉장고 때문에 받은 스트레스, 노이로제... ㅠㅠ연휴지나서 제가 품질팀장한테 전화해서 소리지르고 난리를 쳤더니이제서야 공장 알아본다 5~6일이면 해결 된다 등등 말하더군요. ㄸ@$% ~!!마눌님한테 말했던 1월 안에 해결해주겠다던 말은 뭔지 모르겠습니다.제가 통화 할 때 분명 약 2주간 집에 사람 없으니 29일쯤으로 일정 잡고, 변경되면 전화주겠다 했고,김치냉장고에 있던거 부터 시작해서 4개월 가량 받은 스트레스 등에 피해보상,냉장고 교환해도 냉동고, 냉장고에 있던 내용물 보관해야 할 아이스박스, 얼음팩 등 어떻게 할 것인지 상의해서전화하라 했는데 또 일주일이 지나도 연락도 없고, 메시지도 없어요.골 때리는건 18일인지 19일인지 와이프한테 배송(교환)올 프로님 연락 와서 다음날 배송 갈 예정인데 확인 전화를 했다 합니다.저랑 얘기한 품질팀장님이 문제인건지 아니면 삼성전자 고객센터 메뉴얼이 이렇게 X같은 건지, 한숨만 나옵니다.오늘 품질팀장님한테 길게 장문의 메시지를 보냈는데, 역시나 단문의 메시지조차 없네요~ ^^삼성전자 ..오시는 기사님(프로님)들이 무슨 잘못이며, 전화받는 고객센터 담당자는 무슨 잘못인가요.그래도 당신들은 삼성전자 직원입니다.하나 같이들 전부 다 책임 떠넘기기만 하고, 대응은 무대응이고,AS 주옥같은 애플도 당신들처럼 대응 안합니다.일렉트로룩스 AS 대행해주는 업체도 당신들처럼 대응 안합니다~!!!!보상관련해서 대책없으면 교환 생각없다고 라고 메시지 보냈는데,솔직히 삼성전자 수원본사 정문 입구에 버려놓고 망치고 깨 부셔버리고 싶네요.이번 냉장고 일로 차 때문에 스트레스 받는 분들 맘 정말 공감 많이 됩니다.(차 운전하다보면 문제가 분명 발생하는데, 센터가면 멀쩡해지는 ㅠㅠ)정말 이 냉장고 어떻게 해야 할지 미치겠어요. ㅠㅠ**환불해준다고 했잖아요 ? (실제로 담당하는 누군가가 저희 마눌님한테 한 말 입니다.)제가 지난주에 전화로그럼 환불해주세요. 냉장고장 까지 이 냉장고 사이즈에 맞췄으니, 냉장고장 철거비, 제작비 다 주세요~라고 한적도 있네요. ㅠㅠ**4개월 동안 벌어진 일이라 최대한 간략하게 적어서 내용이 중구난방이네요.하도 답답하고 짜증나고 열받아서 여기다 하소연 해봤습니다. ㅠㅠ",이사,"냉장고, 냉동고, 김치냉장고",구매,부정,없음,"소음 발생, 고객 서비스 불만족, 제품 결함","삼성 냉장고 및 김치냉장고 구입 후 소음과 결함으로 인한 불만을 표현하며, 고객 서비스에 대한 불만을 제기함. 요구사항에 대한 불만도 표현함.",2024-03-03 19:08:20,2024-03-03 19:08:23
티비 냉장고 침대 소파 거실장 장롱작은거 하나8년전에 결혼할 당시 쓰던거 그대로입니다…책상 세탁기 등등 소소한거 상당수는 결혼전 쓰던거각자 들고왔고요.짐 늘은거라고는 책밖에 없는데 책이 좀 많아서…종이책들은 안볼거 같은거는 처분을 해야겠네유…결혼 8년간 세간살이 늘은것중에 값나가는건커피머신스타일러 정도…차도 결혼전에 타던거 그대로고..어지간한건 다 그대로입니다..,결혼,"티비, 냉장고, 침대, 소파, 거실장, 장롱, 책상, 세탁기, 커피머신, 스타일러",구매,중립,결혼 전 사용한 제품들이 오랫동안 사용 가능,결혼 후 새로운 가전제품이나 가구를 구입하지 않음,"결혼 8년간 사용한 제품들이 대부분 결혼 전 사용한 것들이며, 새로운 제품을 구입하지 않고 오랫동안 사용하고 있다. 종이책을 처분해야 할 필요성을 느낌.",2024-03-03 19:08:20,2024-03-03 19:08:24
"이번 LG전자 컨콜에서 H&amp;A(생활 가전) 부문 연매출 30조로 여전히 세계 1위지만 작년 4분기에 무려 적자를 봤다고 합니다.적자는 당연히 중저가 가전 부문에서 중국 경쟁 업체들과의 출혈로 인한 것인데요. 사실 압도적인 내수 인구 기반으로 이미 유리한데 해외에도 마진 없이 달려들면 쉽지 않죠. 그 해결책을 삼성전자 갤럭시 저가형이나 생활가전에 썼던 ODM(주문자 제조 방식 : 일명 택갈이) 방식으로 맞서려나 봅니다. 몰론 삼성전자 같이 '비스포크' 인덕션,식세기 등 프리미엄 라인에 썼던 정신나간 짓은 안하고 프리미엄은 여전히 '고가 프리미엄' 답게 초격차 전략이라는거보니 메이드 인 코리아겠지만 ODM을 줄만한 회사가중국 업체들말고는 없을텐데 의외네요. 메이디(Midea) VS 하이얼이 중국 압도적인 투탑 기업이죠.LG전자 생활가전 4분기 적자전환…중국의 역습...3년 연속 최대 매출을 기록한 LG전자가 주력인 생활가전 사업에선 4분기부터 적자전환했다. 중국 생활가전 기업 등과 펼치는 글로벌 경쟁이 심화되면서 10%를 웃돌던 영업이익률은 마이너스(-)로 전환됐다. LG전자는 중국 생활가전 기업들의 저가 공세에 대응하기 위해 투자를 확대하는 한편, 프리미엄 및 중저가로 나뉘는 투트랙 전략을 강화할 계획이다.    ...김이권 H&amp;A경영관리담당 상무는 실적발표 이후 이어진 콘퍼런스 콜에서 ""글로벌 시장에서 중국 가전업체들의 브랜드력이 강화되고 있다""고 말했다.  https://n.news.naver.com/mnews/article/293/0000051020?sid=105LG전자는 25일 2023년 4분기 실적발표 컨퍼런스콜에서 “생활가전의 경우, 시장별로 정도의 차이가 있으나 최근 시장 경쟁이 심화되는 와중에 특히 중국 업체들의 브랜드력이 일부 강화되는 모습을 보이고 있다”며 “이에 당사는 핵심 부품 경쟁력에 기반한 대용량 고효율 제품과 차별화된 디자인 성능을 바탕으로 경쟁력을 지속 강화하고 있으며, 볼륨 존에서는 제품과 가격 커버리지 보강을 통해 시장 점유율을 올리고 있다”고 말했다.",LG전자 컨콜,"생활 가전 제품 (세탁기, 안마의자 등)",모름,중립,LG전자의 생활 가전 제품이 전반적으로 좋은 성능을 보여줌,LG전자의 생활 가전 부문이 중국 경쟁 업체들과의 경쟁에서 적자를 보이고 있음,"LG전자의 생활 가전 제품은 성능과 디자인 면에서 경쟁력을 유지하고 있지만, 중국 업체들과의 경쟁에서 적자를 보이고 있어 투자와 전략의 재고가 필요함.",2024-03-03 19:08:20,2024-03-03 19:08:24
진짜 10년 수명 타이머라도 달린건지연말에 냉장고 고장으로 시작해서 광파오븐 밥솥 가스레인지에 보일러까지 연달아 고장이 나네요가격합계로는 대충 400만쯤 되고 그 정도 여윳돈은 되는데문제는 고장나서 쓰기 불편한 애들보다 TV가 더 바꾸고 싶어요유일하게 고장안나고 버티고 있는게 TV인데...멀쩡하면 뭐합니까 40인치대인데.,"냉장고, 광파오븐, 밥솥, 가스레인지, 보일러, TV","냉장고, 광파오븐, 밥솥, 가스레인지, 보일러, TV",모름,부정,TV가 고장 나지 않고 버티고 있음,"다른 가전제품들이 연달아 고장이 나고, 가격이 비싸다는 점",10년 수명 타이머가 달린 것처럼 오랫동안 사용하던 냉장고부터 시작하여 다른 가전제품들이 연달아 고장나는 상황에 가격이 비싼데도 TV를 제외하고 다른 제품들을 바꾸고 싶어하는 소비자의 불만이 담겨 있음.,2024-03-03 19:08:20,2024-03-03 19:08:25
"LG는 에어컨 세척때문에, 삼성은 티비 고장난거 떄문에공교롭게 두분이 거의 비슷한 시간에 방문하셔서두분은 별 신경 안쓰시고 본인 할일들을 하시는데, (당연한거겠지만요 ㅎㅎㅎ)저만 괜히 뻘쭘해 있습니다. ㅎㅎㅎㅎ","LG, 삼성 (에어컨, 티비)","에어컨, 티비",구매,중립,없음,없음,LG와 삼성 기기 수리를 위해 방문한 기사들이 동시에 도착하여 일 처리에 불편함을 느낌.,2024-03-03 19:08:23,2024-03-03 19:08:27
1인가구 입니다.매년 평균 1800~2000정도 나왔었는데...올해 독립하면서 가전 이것저것 샀더니 올해는 역대급으로 나왔네요,1인가구,다수의 가전제품,구매,부정,없음,지출이 많이 나와서 부담스러움,"1인가구로 독립하면서 가전제품을 많이 산 결과, 올해 지출이 많이 나와 부담스러웠다.",2024-03-03 19:08:23,2024-03-03 19:08:27
"이사 때문에 가전보러 여기저기 보고, 온라인 보고 있는데 다른 제품들은 뭐 고만고만 한데 삼성이 조금 쌉니다.그런데, 세탁건조기는 거의 100만원이나 LG가 비싸네요. 참... 알다가도 모르겠습니다. 어떻게 30%나 비쌀까.지금 프로모션을 쎄게 하는건지 아니면 삼성 가전 안팔리나?여지껏 처음본 가격차이라 오히려 못고르겠네요. 왠만하면 LG사는데, 100만원은 무시 할수가...",이사,세탁건조기,모름,부정,없음,"삼성 제품이 비싸고, LG 제품이 더 비쌈","이사 때 세탁건조기를 구매하려고 하는데, 삼성 제품이 비싸고 LG 제품도 높은 가격에 있어서 고민 중이며, 가격 차이로 인해 선택이 어려운 상황이라고 언급함.",2024-03-03 19:08:24,2024-03-03 19:08:28
"냉장고, 김치냉장고, 건조기 이렇게 주문하려고 하는데    동네 마트 갔다가 견적가가 공홈보다 비싸서    오픈마켓(옥션)에서 같은판매자가 없어서 각각 따로 주문하려고 합니다    이럴경우 운빨로 같이 오거나 각각 따로 오거나 하는지요?    이사전에 미리 넣어두려는거라 따로오면 피곤해질것 같아요;;;    어차피 LG물류센터에서 배송할꺼라 합배송이 그들도 나을텐데...    공홈과 큰 차이 없으면 공홈에 시킬텐데 50이나 차이가 나니 고민이네요    오픈마켓에서 따로 주문해보신 분 계신가요?",가전제품 구매,"냉장고, 김치냉장고, 건조기",구매,문의,없음,"공홈보다 비싸고, 운발에 따라 따로 배송될 수 있음","냉장고, 김치냉장고, 건조기를 주문할 때 공홈보다 가격이 비싸고, 오픈마켓에서 따로 주문할 경우 따로 배송될 수 있어서 고민 중이며, 합배송이 가능하다면 LG물류센터에서 배송받는 것이 편할 것이라는 의견을 나타냄.",2024-03-03 19:08:24,2024-03-03 19:08:29
몇달 전에 폐가전무상수거팀 두분이 나오셔서김냉 일반냉장고 수거하러 왔다가문으오 못 나간다고 바로 가셨는데사다리차 불러야한다면서요오늘 앞집 누나네 뭐 싣고 온 이삿짐 쎈터 직원 분 딱 보시더니이거 나가요 그래서 두개 뺐습니다물론 돈 10만원 드렸고요역시 전문가는 다르네요가욋돈생겼다고 좋아하시네요이사전문가 왈 걔들이 뭘 알유 ㅎㅎㅎ,폐가전무상수거,김냉 일반냉장고,모름,중립,무상수거 서비스 제공,서비스 제공자의 태도에 대한 불만,"폐가전무상수거팀이 냉장고를 수거하러 왔지만, 불친절한 태도로 인해 불쾌한 경험을 한 것으로 보임.",2024-03-03 19:08:27,2024-03-03 19:08:30
"SK매직 가전사업부 부분 매각 작업…무산시 사업 축소...    26일 이데일리 취재를 종합하면 SK매직은 지난달 말 경 가전사업부 중 가스기기·식기세척기 사업부문을 담당해오던 대리점들에 공문을 보내 일방적 계약 종료를 통보했다. SK매직 측이 고지한 계약 미연장 사유는 사업구조 변경 및 제품 단종이다. ...사측이 입장을 번복한 이유는 사업부 매각이 성사될 가능성을 염두에 둔 것으로 보인다. SK매직은 경동나비엔(009450) 등 일부 기업과 접촉해 사업부 부분 매각을 시도 중이다. 매각 협상 동향에 따라 구조조정 향방을 결정할 모양새다....그러나 사업부 매각 협상은 극히 지지부진한 상황이다. 원매자가 거의 없던 상황에서 논의를 진행 중이던 경동 측과의 협상도 한 차례 결렬됐다. ...SK매직이 식세기나 기타 특정영역 가전,주방 가스기기등은 나름 선호하시는분들이 꽤 있었는데 사업을 접나보네요....",SK매직 가전사업부 매각,"가스기기, 식기세척기",구매,부정,없음,"사업 축소, 매각 협상 어려움","SK매직의 가전사업부 매각 작업이 어려움을 겪고 있으며, 사업 축소로 인한 부정적인 영향이 나타나고 있음.",2024-03-03 19:08:27,2024-03-03 19:08:30
이사가야하는디.. 세탁기랑 건조기랑 식세기를 사야할듯합니다. 다들 노쇠하셨고 식세기는 집에서 안써봤고여 ㅋㅋㅋ백화점 가전코너 슬슬구경해보는데... 엘지만 와봤는데 가격이 ...일단 이제 다 오브제군요 노멀라인 이런게 안보임... 아니면 시그니쳐?! ㄷㄷ ㅠㅠ 비쌉니다. 식세기 진짜 사고싶은데...가지고싶은데... ㅠㅠ그냥 손으로 설거지해야하나봅니다 ㅠㅠ 가전들이 많이 부쩍 비싸진느낌입니다.... 건조기랑 세탁기도 상상이상이네요 츄릅,이사,"세탁기, 건조기, 식기세척기",모름,부정,없음,"제품 가격이 높음, 비싼 느낌","이사 준비 중에 세탁기, 건조기, 식기세척기를 구매해야 할 것 같지만, 제품들의 가격이 높아서 고민 중이며, 가전제품들이 비싸보임. 설거지를 손으로 해야할지도 모르겠다는 불편함을 표현함.",2024-03-03 19:08:28,2024-03-03 19:08:32
"청약 당첨으로 글쓴지 벌써 2년반이나 지났네요.https://www.clien.net/service/board/park/16194504그리고 지난주 12월 1일 이사하였습니다. 몇가지 시공과 짐정리가 이제 다되어서가서 정신이 좀 돌아오네요.아이 키우면서 바쁘게 지내다보니 시간이 금방 지나간것같네요.분양 계약하고 중도금 대출 실행되면서 별로 신경 안썼는데 입주기간이 10.31~12.31 이다보니올해 8월부터 조금씩 신경 쓸게 많아지더라구요.살고있는 전세 빼기, 아파트 잔금, 중도금 전환방법, 별도 인테리어 시공, 가전, 가구, 어린이집(아내가 전담)등리스트 정리해두고 계획대로 진행이 잘 되어서 다행이었네요.(몇가지는 아직 진행중)분양, 대출, 이사 내용은 시간내서 총정리 글한번 써보겠습니다.은행 지분이 높긴하지만 내집, 우리집이 생겨서 너무 좋습니다.2년마다 이사 걱정도 없고, 아이도 좀더 크면 가까운곳에서 학교도 다닐테니 마음이 편하네요.가족, 친지, 지인분들 집들이 초대하면 내년까지 시간 금방가겠네요. ㅎㅎ클량 가족여러분 연말 마무리 잘 하시고 항상 건강 행복하세요~이사당일 정리 안된 사진이네요 ㅠ.ㅠ 다음 글에 정리된 사진으로 온라인 집들이도 같이 해보겠습니다~",이사,없음,모름,긍정,이사를 통해 새로운 집에 살게 되어 좋음,없음,청약 당첨으로 이사를 하게 되어 새로운 집에서의 삶을 즐기며 가족과 함께하는 것이 기쁨을 주고 있음.,2024-03-03 19:08:29,2024-03-03 19:08:32
1. 와이프와 딸래미가 쓰고 싶어한지 한참인 다이슨 에어랩을 드디어 구입했네요.JB Hi Fi에서 깊카로 구입하려고 간보다가 열흘 전에 David Jones에서 이전 최저가 행사하는걸 프라이스매치 받아서 구입했는데 어제 The Good Guys 등에서 역대 최저가로 팔길레 JB Hi Fi에 가서 물어보고 구입 후 2주내라 차액 환불을 받았어요. 결국 프라이스매치를 두번 적용받았네요 ㅋ2. 또 노리고 있던 LG 코드제로를 역시 꽤 할인된 가격에 구입했습니다. 이제 곧 집을 줄여서 이사를 해야해서 기존 다이슨 플로어 모델을 처분하고 갈아타려고 노리고 있었거든요. 타워 모델 기본형인데 저가형이나 고급형은 할인을 해도 기본형은 다들 할인을 안하고 있었는데 며칠전부터 Harvey Norman에서만 클리어런스 할인을 하고 있더라고요. 역시 이것도 JB Hi Fi에서 프라이스매치로 사려다가 모델이 살짝 달라서 실패하고 간보다가 깊카가 The Good Guys도 되는거라 어제 사러 갈려고 했는데 마침 어제부터 The Good Guys도 Harvey Norman과 같은 가격이 되었더군요. 그래서 할인된 가격으로 잘 샀네요. ㅋ,가정,"다이슨 에어랩, LG 코드제로",구매,긍정,할인 혜택을 받음,없음,다이슨 에어랩과 LG 코드제로를 할인 혜택을 받아 구입하여 만족함. 프라이스매치를 통해 더욱 저렴하게 구매한 경험을 공유함.,2024-03-03 19:08:31,2024-03-03 19:08:34
"지난 글 링크https://www.clien.net/service/board/use/17987674CLIEN(인테리어 이야기 -1) (초)소형 평수 아파트 매수기https://www.clien.net/service/board/use/17987676CLIEN(인테리어 이야기 0) 인테리어 전 현재 집 상태.JPGhttps://www.clien.net/service/board/use/17988458CLIEN(인테리어 이야기 1) 업체와 계약을 맺기 직전까지 (견적서 포함)https://www.clien.net/service/board/use/17989398CLIEN(인테리어 이야기 2) LG 오브레 라인 가전 구입기.txthttps://www.clien.net/service/board/use/17989815CLIEN(인테리어 이야기 3) 2차 미팅 전 수정된 견적서.JPGhttps://www.clien.net/service/board/use/17997646CLIEN(인테리어 이야기 4) 집 내부 철거, 미팅 내용 그리고 기타 등등https://www.clien.net/service/board/use/18061243CLIEN(인테리어 이야기 5) 전기배선 작업과 샷시 설치.JPGhttps://www.clien.net/service/board/use/18061331CLIEN(인테리어 이야기 6) 목공 작업 준비부터 목공 작업 2일차까지.JPGhttps://www.clien.net/service/board/use/18061372CLIEN(인테리어 이야기 7) 목공 작업 3일차부터 목공 작업 완료까지.JPGhttps://www.clien.net/service/board/use/18070580CLIEN(인테리어 이야기 8) 타일 작업.JPGhttps://www.clien.net/service/board/use/18077808CLIEN(인테리어 이야기 9) 화장실 도기.JPGhttps://www.clien.net/service/board/use/18082817CLIEN(인테리어 이야기 10) 필름 작업.JPGhttps://www.clien.net/service/board/use/18103886CLIEN(인테리어 이야기 11) 전기 배선, 마루 시공, 도배 작업.JPGhttps://www.clien.net/service/board/use/18113588CLIEN(인테리어 이야기 12) 간접등, 스위치, 콘센트 작업 및 발코니 탄성코트 작업.JPGhttps://www.clien.net/service/board/use/18113686CLIEN(인테리어 이야기 13) 가구설치.JPG(FEAT. 보수적인 아파트)https://www.clien.net/service/board/use/18404592CLIEN(인테리어 이야기 14) 완성된 집 1 - 현관.JPGhttps://www.clien.net/service/board/use/18439973CLIEN(인테리어 이야기 15) 완성된 집 2 - 작은 방.JPG1. 주방 전체샷주방 전체샷입니다.첫 번째 사진은 전면,두 번째 사진은 거실에서 주방을 바라본 측면,세 번째 사진은 작은 방에서 나오자마자 주방을 바라본 반대편 측면 사진입니다.여러 글을 통해서 말씀드렸지만아내가 밝은 톤의 화이트 컨셉을 좋아해서주방 역시 흰색 위주로 진행했습니다.2. 주방 상세샷상부장입니다.화이트 톤으로 깔끔하게 맞췄습니다.하부장 역시 화이트 톤입니다.왼쪽 바닥에 보이는 건 쓰레기통 및 비닐만 버리는 분리수거 통입니다.벽면 대리석 및 후드 사진이고요.인덕션으로 조리할 때는 필름지에 양념이 튈까 싶어은박지 판을 대고 요리합니다. 인덕션은 LG전자 제품을 구매하여 사용중이고요.해당 제품 코드는https://www.clien.net/service/board/use/17989398CLIEN(인테리어 이야기 2) LG 오브레 라인 가전 구입기.txt여기서 확인하실 수 있습니다.이번에 구입한 LG 오브제 정수기도 설치되어 있습니다.역시https://www.clien.net/service/board/use/17989398CLIEN(인테리어 이야기 2) LG 오브레 라인 가전 구입기.txt 에서 확인 가능합니다.6월 이사 당시, 이사짐을 들여놓게 전에LG 설치 기사님이 방문하셔서주방 타일에 타공 작업도 하시고하부장 쪽 배수관에 연결하시는 등엄청 열심히 설치해주시고 친절하게 설명해주셨습니다.고맙습니다.주방 건너편, 화장실 문 옆 벽면과 천장입니다.이 곳 역시 필름과 도배 작업이 마감까지 너무 잘 되었습니다.중간에 홈 역시 울지 않게 작업 잘 해주셨습니다.",인테리어,"LG 오브제 정수기, LG 인덕션",구매,긍정,"화이트 톤의 디자인, LG 제품의 성능과 설치 서비스에 대한 칭찬",없음,"주방 인테리어에 LG 오브제 정수기와 LG 인덕션을 구입하여 매우 만족하며, 설치 서비스와 제품 성능에 대해 칭찬함.",2024-03-03 19:08:30,2024-03-03 19:08:35
지난주부터 알아보다가..            최대한 원하는 옵션에 맞는 제품을 구매했습니다.            돈을 더 주면 더 고급 옵션이 있겠지만..            그럼 한정 없이 돈이 올라가기에..            최대한 필요한 옵션과 불필요한 옵션을 하나둘씩 비교해가면서 구매했습니다.            건조기 세탁기는 직렬로 구성하거나 올인원 제품을 구매하려했는데..            와이프가 손목과 팔꿈치가 아파 세탁 후 건조기로 올리는게 힘들거 같다고 해서 병렬로 하기로 했습니다.            지금도 병렬구조라 공간은 충분 할거 같습니다.            암튼 결혼 후 10년 가까이 되니 신혼 가전에서 진정한 가족 가전이 된거 같습니다. 24개월 미래의 나에게 이 부담을 안겨주어서 지금의 저는 홀가분하네요.ㅋ,결혼,"건조기, 세탁기",구매,긍정,"원하는 옵션에 맞는 제품 구매, 가족 가전으로 활용",없음,"결혼 후 가전 제품을 구매하면서 필요한 옵션과 비교하며 구매한 결과, 가족 가전으로 활용 중이며 만족함.",2024-03-03 19:08:32,2024-03-03 19:08:35
"지난 글 링크https://www.clien.net/service/board/use/17987674CLIEN(인테리어 이야기 -1) (초)소형 평수 아파트 매수기https://www.clien.net/service/board/use/17987676CLIEN(인테리어 이야기 0) 인테리어 전 현재 집 상태.JPGhttps://www.clien.net/service/board/use/17988458CLIEN(인테리어 이야기 1) 업체와 계약을 맺기 직전까지 (견적서 포함)https://www.clien.net/service/board/use/17989398CLIEN(인테리어 이야기 2) LG 오브레 라인 가전 구입기.txthttps://www.clien.net/service/board/use/17989815CLIEN(인테리어 이야기 3) 2차 미팅 전 수정된 견적서.JPGhttps://www.clien.net/service/board/use/17997646CLIEN(인테리어 이야기 4) 집 내부 철거, 미팅 내용 그리고 기타 등등https://www.clien.net/service/board/use/18061243CLIEN(인테리어 이야기 5) 전기배선 작업과 샷시 설치.JPGhttps://www.clien.net/service/board/use/18061331CLIEN(인테리어 이야기 6) 목공 작업 준비부터 목공 작업 2일차까지.JPGhttps://www.clien.net/service/board/use/18061372CLIEN(인테리어 이야기 7) 목공 작업 3일차부터 목공 작업 완료까지.JPGhttps://www.clien.net/service/board/use/18070580CLIEN(인테리어 이야기 8) 타일 작업.JPGhttps://www.clien.net/service/board/use/18077808CLIEN(인테리어 이야기 9) 화장실 도기.JPGhttps://www.clien.net/service/board/use/18082817CLIEN(인테리어 이야기 10) 필름 작업.JPGhttps://www.clien.net/service/board/use/18103886CLIEN(인테리어 이야기 11) 전기 배선, 마루 시공, 도배 작업.JPGhttps://www.clien.net/service/board/use/18113588CLIEN(인테리어 이야기 12) 간접등, 스위치, 콘센트 작업 및 발코니 탄성코트 작업.JPGhttps://www.clien.net/service/board/use/18113686CLIEN(인테리어 이야기 13) 가구설치.JPG(FEAT. 보수적인 아파트)0. 그동안 무얼 하였는가안녕하세요.오랜만에 인테리어 글 올립니다.6월 초에 올린 글을 끝으로 한동안 인테리어 과정 글을 안(=못) 올렸습니다.직전에 올린 글이 이사하기 전 마지막 인테리어 상황이었는데,차마 완성되지 못한 채 이사를 했기 때문에짐 없는 깔끔한 상태에서 완성된 인테리어 된 모습을 보여드릴 수 없었습니다.실평수 18~19평 집에서 10~11평으로 이사를 해 온 탓에공간은 줄었는데, 짐은 거의 그대로라 쌓여있는 상태로 지내왔고 (=지내오고 있고)약 3개월 동안 이사 후 못 끝낸 인테리어 작업 및 인테리어 AS를 수시로 했기 때문에인테리어 완성 글이 늦어지게 되었습니다.뿐만 아니라, 인테리어 완성이 된 후 몇 차례의 집들이를 하였고,그간 또 문제가 없는 게 있나 시간을 두고 살펴봤기 때문에글을 올리기까지 시간을 많이 소요하게 되었네요.아직 베란다 쪽 가구 AS가 한 차례 남긴 했지만,이 정도면 완성된 글을 올려도 되지 않나 싶어 글을 작성합니다.글의 순서는현관, 작은 방, 주방, 거실, 화장실, 베란다이렇게 여섯 차례에 걸쳐서 진행될 듯 합니다.1. 인테리어 전체적인 컨셉제가 인테리어를 잘 모르거니와 사실 관심도 잘 없습니다.또한 아내가 만족하는 집을 만들고 싶은 생각에 아내가 대부분을 주도해나갔죠.아내는 밝은 톤을 원했습니다.인테리어를 알아보던 최근 몇 년간 어두운 톤이 유행했다던데, (지금도 그런지 모르겠네요)아내는 가전도, 가구도 늘 밝은 톤을 좋아하는지라조금의 고민도 없이 밝은 톤으로 계획했다 합니다.흰 톤의 벽지, 밝은 그레이 톤의 필름,(이제는 해당 톤의 인쇼 필름이 생산되지 않아 저희와 같은 필름을 구할 수 없다고 합니다)약간 베이지 톤의 타일, 그리고 필름과 비슷한 톤의 주방 벽면 대리석,흰 폴딩도어 틀, 하얀색의 베란다 문 등등...전체적으로 밝은 컨셉으로 인테리어를 했습니다.2. 현관 쪽 전체 샷대문을 바라보는 방향으로 왼쪽이 신발장, 및 유니폼 보관장오른쪽이 작은 방을 나누고 있는 벽이고 그 안에 두꺼비집이 있습니다.구멍이 나 있는 두꺼비집을 가리는 용도로 제가 디자인한 A4 용지를 걸어놨습니다.(빨간색 동그라미 친 부분)도어락도 교체를 원해서 대표님께 일임했고, 교체된 제품을 사용중입니다.아무 말 없이 일임했기 때문에 할 말은 없지만, S사 제품이네요.어지간하면 S사는 구입 안하며 살고 있는데 도어락 중에 S사 제품이 있는지 몰랐다는... ㅠ그래도 기능적으로 만족하며 잘 쓰고 있는 중입니다.3. 현관 쪽 부분 샷동작 감응 스위치.인테리어 AS 때 대표님이 움직임 세심하게 조정해주셨습니다.전에는 수시로 켜졌던 반면, AS 이후에는 큰 동작에만 반응합니다.필름이 부착된 대문입니다.인테리어 과정 글에서도 언급했던 부분이지만,운이 좋게도 업체에서도 필름 잘 붙이기로 정평이 나 있는 분이 작업해주셔서붙인 전체적인 면 뿐만 아니라 끝 마감까지 아주 좋습니다.현관 오른쪽 벽도 필름 작업이 되어 있습니다.천장 끝부분까지 마감이 잘 되어 있으며,벽 중간 홈도 운 자국 없이 잘 붙어있습니다.현관 왼쪽 부분입니다.왼쪽도 필름 마감과 천장의 도배가 훌륭합니다.저 도배는 인터넷 선 문제 때문에이사 오고, 약 한 달 뒤에 다 떼고 다시 부착하였는데,전에 한 작업이나 나중에 한 작업이나 똑같이 훌륭했습니다.(다시 한 도배와 필름 작업은 작은 방 소개할 때 자세히 다룰 예정입니다)신발장 거울 사진입니다.신발장은 유리로 되어 있어서외출하기 전 신발 신고, 거울로 외모 점검하기 딱 좋습니다.사실 오징어 얼굴, 올챙이 몸매라 거울 보는 게 무슨 의미인가 싶지만그래도 좀 꾸미고 다니라는 대표님의 무언의 압박 같은 게 느껴집니다. ㅎ신발장 내부도 보여드릴까 했지만,너무 지저분해서 겉모습만 찍었습니다.신발 및 강아지 용품, 그리고 각종 잡동사니 창고 등의 용도로 사용중입니다.필름 작업과 도배 작업이 만나는 순간.벽 위와 천장 부분인데 마감 좋죠?제가 인테리어 중 거의 유일하게 요청했었던 유니폼 공간!!!문을 열고 들어오자마자 투명문을 통해 드러나는 제 컬렉션!너무 마음에 드는 포인트입니다.대표님이 이런 건 투명문으로 해야 더 보람차다고 주장하시면서적극적으로 아이디어를 내신 결과물입니다.비밀번호를 누르고 집에 돌아오면첼시, 전북현대, 국대의 유니폼이 눈 안에 들어오며 순간 행복!13살의 개가 달려와서 저를 맞이하면서 2차 행복!!그리고 아내의 '오빠~'라는 목소리에 3차 행복을 느낍니다.바로 전 글에서 언급했던주방을 거실로 옮기지 못해 다시 원래 자리로 돌아오면서 생긴기둥보다 더 튀어나온 싱크대 하부장입니다.지나다니면서 저기 부딪칠까봐저길 어떻게 활용할지 고심하던 중아내가 '우산을 놓으면 딱 맞을 거 같은데?'라는 의견을 내놨고,덕분에 약속이나 한 듯이 절묘하게 딱 맞아떨어진... :)마지막으로 현관 신발 놓는 곳 대리석입니다.대리석 끝나는 실리콘 부분도 그렇고,줄눈 작업 역시 정말 잘 되었습니다.지금은 실생활 한 지 5개월차가 돼서 줄눈에 검은 때가 꼈지만,나름 쓸고 닦으면서 유지하려고 노력 중입니다.",인테리어,안마의자,모름,긍정,피로 회복에 도움,없음,결혼 기념일 선물로 받은 안마의자가 매일의 피로를 풀어주는데 큰 도움이 됨.,2024-03-03 19:08:32,2024-03-03 19:08:35
"저는 다른 팀 팬입니다만,몇달 뒤 이사를 계획 중이고 가전도 여럿 바꿀 계획 중이죠.그래서 사심을 담아 LG의 코리안 시리즈 우승을 빌고 있습니다. 우승하게 되면 거의 30여년 만의 우승인데 화끈하게 축하 세일 쎄게 들어가지 않을까 싶어서요.그 덕분에 몇십만원 싸게 살수 있기를 바라며...너무 사심이 큰가요 ^^;;;",이사,LG의 코리안 시리즈,모름,긍정,LG의 제품 우승을 기대,없음,이사를 앞둔 상황에서 LG의 코리안 시리즈 제품 우승을 기대하며 희망을 품고 있음.,2024-03-03 19:08:35,2024-03-03 19:08:39
"안녕하십니까!! 심심해❤️입니다.GIF 번역기(DeepL)로 인한 오역이 있을 수 있습니다.삼성, 타이젠 업데이트 계획 발표: 더 큰 화면, 게이밍 허브, 채팅 투게더, 릴루미노 모드등샌프란시스코 모스콘 센터에서 열린 삼성 개발자 컨퍼런스 2023(SDC23)에서 삼성전자는 초연결 생활에 대한 비전과 개발자 및 파트너를 위한 강력한 에코시스템의 중요성을 선보였습니다.삼성전자 디바이스 익스피리언스(DX) 부문 대표이사 겸 부회장인 한종희(JH) 사장은 전 세계적으로 삼성 제품이 광범위하게 사용되고 있다는 점을 강조했습니다.연간 5억 대 이상의 삼성 제품이 판매되고 있으며, 삼성 계정 사용자는 6억 명이 넘습니다. 한 사장은 스마트싱스 에코시스템, 빅스비 가상 비서, 삼성 녹스 보안 플랫폼 등 삼성의 다양한 디바이스 및 애플리케이션의 발전에 대해 설명했습니다.스마트싱스 총괄 정재연 부사장은 기기 상호운용성을 강화하고 스마트싱스 홈 에코시스템을 확장하기 위한 삼성의 노력을 강조했습니다. 삼성은 매터 및 홈 커넥티비티 얼라이언스와 같은 개방형 홈 표준을 지원합니다.멀티 허브 네트워크와 스마트싱스 홈 API를 통해 스마트싱스 플랫폼에 새로운 기능이 도입되었습니다. 삼성 리서치 아메리카의 빅스비 랩 책임자인 아닐 야다브는 빅스비에 대한 삼성의 미래 비전을 공유했습니다. 빅스비가 사용자 선호도에 적응하고 멀티 디바이스 연결을 최적화할 수 있도록 더욱 긴밀한 홈 통합에 초점을 맞추고 있습니다.플랫폼팀 권호범 상무는 삼성의 오픈소스 운영체제인 타이젠의 발전에 대해 설명했습니다. 타이젠은 더 큰 디스플레이와 향상된 그래픽 디테일을 갖춘 가전제품으로 확장되고 있습니다. 삼성은 또한 업그레이드된 타이젠 소프트웨어 개발 키트(SDK)를 통해 개발자 지원을 강화하고 있습니다.애플리케이션 소프트웨어 R&amp;D 그룹의 고봉준 상무는 한층 업그레이드된 타이젠 TV 경험을 선보였습니다. 새로운 기능으로는 다양한 화면의 삼성 게이밍 허브, 향상된 소셜 인터랙션을 위한 채팅 투게더, 접근성을 개선한 릴루미노 모드 등이 있습니다.프레임워크 R&amp;D 그룹 정혜순 상무는 향상된 사용성, 지능형 사진/비디오 편집, 새로운 인터페이스를 갖춘 갤럭시 기기용으로 설계된 One UI 6를 소개했습니다. 컴팩트한 디자인, 길어진 배터리 수명, 향상된 내구성을 자랑하는 갤럭시 스마트태그2의 출시도 함께 발표되었습니다.디지털 헬스 팀의 혼 박 부사장은 최적화된 디지털 헬스 경험을 위한 기기, 데이터, 서비스의 통합을 강조했습니다. 삼성은 삼성 프리빌리지 헬스 SDK인 삼성 헬스 스택 1.0을 소개하고 수면 및 정신 건강 연구에 중점을 둔 MIT 미디어 랩과의 파트너십을 발표했습니다.",삼성 제품 소개,"다양한 삼성 제품 (세탁기, 안마의자, 타이젠 TV, 갤럭시 기기, 갤럭시 스마트태그2 등)",구매,정보 제공,다양한 기능 및 업그레이드 소개,없음,"삼성의 다양한 제품과 서비스 소개, 새로운 기능 및 업그레이드 소식을 제공하는 내용.",2024-03-03 19:08:35,2024-03-03 19:08:39
"목요일 새벽비행기로 아침에 돌아오자마자 그날은 하루종일 잤고...어제 드디어 세탁기를 설치했습니다.1DK방에 간신히 들어간 세탁기...11kg짜리라 든든하네요땀이 많은 체질이라 이불이나 침대커버같은걸 자주빨기때문에 이전에 쓰던 6kg짜리 통돌이로는 항상 부족함이 있었거든요시운전 해봤는데 조용하고 좋더라구요 ㅎㅎㅎ다만 세탁기 크기가 크기다보니, 일반적인 급수호스는 안들어가서 설치기사분도 이거 안될거같다고 하셨는데저런 L자형 급수호스를 예전에 본적이 있어서 일단 설치까지만 해달라고했습니다 ㅎㅎ아마존을 10분간 뒤지다 당일배송인놈이 있어서 바로 구매해서 어제 저녁에 꽃았더니 간당간당하게 설치가 됬네요드디어 이사+큼지막한 가전들 어떻게 구매는 완료했습니다 ㅎㅎ이제 더 철저한 집돌이라이프를 보내야겠네요",이사,세탁기,구매,긍정,소음이 적고 세탁력이 좋음,가격이 비쌈,이사한 집에 새로 구매한 11kg짜리 세탁기가 소음이 적고 세탁력이 좋으나 가격이 조금 비싸다는 점이 아쉬움. 설치 과정에서 일반적인 급수호스가 맞지 않아 L자형 급수호스를 구매하여 설치를 완료했음. 전체적으로 가전제품 구매를 완료하고 집에서의 생활을 더 편안하게 즐기고자 함.,2024-03-03 19:08:35,2024-03-03 19:08:39
"LG까자고 쓰는 글은 아닌 데 lg 가전, 전자제품을 몇가지 쓰는데 만족도가 그리 높지가 않습니다. 가전은 LG라고하지만 저는 잘 모르겠어요. lg 오브제 라인을(하이엔드??) 안써서 그럴 수도 있나 잠시 생각해보지만 그렇다고 그 돈들여 비싼 가전 들일 맘은 아니긴 해요(광고보면서 색 바뀌는 냉장고가 필요한가?? 싶은거죠)제 기준 심리적인 가전 가격 저항선은 대략 세탁기(통돌이 15kg~20kg) 100만원 TV(60인치이하) 100만원, 냉장고(양문형) 150만원 에어컨150만원(2in1), 노트북은 100만원 150만원(2017노트북이 당시 160만원이었나 그랬던 것 같아요),청소기 (유선) 30만원 정도 입니다. 오브제 라인으로는 말이 안되는 가격이네요 이제.에어컨은 올 해 빌드인인 집에서 살다가 구축 아파트로 이사를 하면서 가격차이로 삼성제품 2in1으로 구입을 했습니다. LG 보다 타워형이 2평큰데 가격은 30만원 싸길래 삼성으로 했는데 첫 해라 나름 만족했습니다.집 가전으로 LG 제품인 것들이 49인치 TV, 유선청소기, 15kg 세탁기, 휴대폰, 그리고 노트북(그램) 입니다. 모두 5년 이상되었네요참. 냉장고는 14년된 삼성입니다. 중간에 고장나서 수리를 2번 받았지만 아직 쓰고 있어요.LG 세탁기는 자동으로 세탁을 하면 설정하는데 시간이 너무 오래 걸려요. 뭐 이건 그럴 수있다고 생각하는데 수동모드로 물높이/헹굼/탈수를 지정을 하고 시작을 하면 수동으로 설정했는데 자동모드로 선택한 것처럼 물높이를 다시 찾느라 시간을 들입니다. 이걸 완전히 끌 수 있나 찾아봤는데 안되네요.노트북 터치패드는 좀 악명 높은데 그러려니 합니다. 이제 오래되기도했고 반포기 상태로 그냥 마우스 씁니다. 그램은 가벼워서 쓰는 것이니까요. 키보드도 정말 첨에는 욕하면서 사용했는데 이것도 그냥 참을만 합니다. 아마 키보드에 대한 불만의 50은 타이핑할때 터치패드가 눌리면서 포인터가 이동되는 것도 한몫하는 것 같아요. 최근 그램은 나아졌다고는 하는데 사실 믿음이 안가긴합니다.잡설이 길었는데 노트북을 바꿀때가 되어서 고민이 시작된건데 삼성으로 가자니 14인지가 LG보다 200g 이 무겁네요. 200g이면 어댑터 무게는 되니 이게 고민거리가 됩니다 삼성제품들이 어댑터가 또 더 무겁기도 했던 경험이 있어서 아마 지금도 그렇지 않을까합니다.노트북 좀 찾아보다 쓴 뻘글입니다. 그러고 보니 다음 휴대폰도 슬슬 알아봐야하는데 이젠 삼성 말고는 애플밖엔 안보이니 이것도 참...의외로 지금 쓰는 LG 스맛폰은 카메라 뺴곤 만족하네요. 사진이 흐릿하니 보정안해도 뽀샤시해요.",LG 가전 제품 사용,"TV, 세탁기, 냉장고, 에어컨, 노트북, 청소기, 스마트폰",구매,중립적,LG 스마트폰의 카메라 성능에 대한 만족,"LG 세탁기의 자동 세탁 설정 시간이 오래 걸리고, 노트북의 터치패드와 키보드에 대한 불만","LG 제품 중 TV, 세탁기, 냉장고, 에어컨, 노트북, 청소기, 스마트폰을 사용 중이며, 대체로 만족하나 LG 세탁기의 자동 설정 시간과 노트북의 터치패드, 키보드에 대한 불만이 있음. LG 스마트폰의 카메라 성능에 대해서는 만족하고 있음.",2024-03-03 19:08:34,2024-03-03 19:08:40
"냉장고 입니다.혼자 살아도 무조건 큰 냉장고가 최곱 니다.큰 냉장고에 저렴할때 양파, 양배추, 오이고추, 가지, 대파, 콩나물, 버섯 왕창 사서 잡아넣고뽁음용 중국산 김치 10kg 옥숀에 구입하고식용유, 굴소스, 고춧가루, 미원, 설탕, 간장, 고추장 업소용급 대용량으로 구입하고자주 계란, 두부 정도 구입해서 준비하면하루 1끼는 1000원 안쪽으로 해결 가능합니다. 건강과 경제 모두 잡을 가장 중요한 가전제품이큰 냉장고 입니다.위 모든 재료를 다 잡아넣고 보관할 냉장고는 크면 클수록 좋더군요. 거기에 대용량 냉동고에저렴한 돼지고기 젤 싼부위 왕창 사넣고 대용량 간 마늘 사서 냉동고에 준비하면최소한 굶어 죽진 안습니다.그러고 보니 TV는 안본지 2년은 넘은것 같네요. 거의 모니터 컴퓨터로 youTube만 봐서 그런제 TV를 언제켰는지도 기억 안납니다. 다음에 혹시 이사가게 되면 TV는 아예 처음부터 설치 안할 생각입니다.대신 무조건 큰 냉장고 냉장고 냉장고 입니다.",혼자 살기,냉장고,모름,긍정,큰 냉장고로 식재료 다량 보관 가능,없음,"혼자 사는데 큰 냉장고가 필수이며, 다양한 식재료를 보관하여 경제적이고 건강한 식사를 할 수 있다고 언급함. TV를 거의 사용하지 않는다는 내용이 포함되어 있음.",2024-03-03 19:08:39,2024-03-03 19:08:42
"담주면 시골구석에 새로 분양받은 아파트로 이사를 가게되어.마눌님이 이번엔 바꾸자!(대통령이나 바꿨으면...)라고 강려크하게 주장하셔서 신혼때부터 유지해왔던 15살 내외의 물건들이 물갈이가 되고 있습니다.하... 신혼때 샀던 가전들과 가구들 가격들이 비교하기 어려울 정도로 올랐네요...냉장고와 김치냉장고는 키친핏이라는 미명하에 용량은 줄고 가격은 대용량보다 비싸거나 비슷하고...에어컨도 무슨 오브제니 이런거 아니면 오징어 모양에...가구도 이제는 무슨 친환경이니 디자이너 브랜드니...게다가 애들도 중학생인데 각방을 쓰며 새 집으로 가다보니 개인가구도 몽땅 새거로...한 반년쯤 전에 굴당에 미니컨버 중고한대 업어올까 하고 심히 고민하며 만지작 대던 돈이 어느새 다 털리고,더 태워야 하게 생겼더군요 -_-;;뭔 아줌씨들이 단톡방에서 탄성이니 줄눈이니 베이크아웃에 입주청소에 뭐 해라 뭐 해라...정보가 과잉되다보니 누가 하는거 안따라하면 큰일나는줄 아는 어려운 세상이 되었습니다.어차피 10년이상 되어서 내구연한/심미연한/에너지효율 모두 한계치에 달해서 갈기는 갈아야 하겠지만씁쓸합니다.여보 내 미니...ㅠㅠ",이사,"가전제품 (냉장고, 김치냉장고, 에어컨)",모름,부정,없음,"물건들이 비싸고, 가격 상승으로 인한 어려움, 정보 과잉으로 인한 어려움","시골구석에 새로 분양받은 아파트로 이사를 가게 되어 가전제품과 가구들을 새로 갈아치워야 하는데, 물건들이 비싸고 정보 과잉으로 어려움을 겪고 있음.",2024-03-03 19:08:39,2024-03-03 19:08:43
"포장 이사 비용이 만만치가 않네요.견적이 160만원 나왔는데 그게 다가 아닙니다.워시타워 옮기는데 15만원, 식기세척기 이전 설치비 30만원, 또 TV 옮기는데추가로 5만원 들었습니다.가전제픔 옮기는데도 이전 비용이 발생하니 이사는 이제 신중히 하셔야 합니다.아들들이 각 방에 에어컨이 필요하다고, 없으면 원룸 얻어간다고 해서부랴부랴 천정형 에어컨 매립된 아파트로 이사가는 바람에 생각지도 않았던비용이 발생 했습니다.새 아파트로 가니 창문이 엄청 많네요. 무슨 까페에 온 듯 여기저기 창문이있습니다. 바깥 풍경 보는 재미도 쏠쏠 합니다.",이사,"워시타워, 식기세척기, TV, 에어컨",모름,부정,창문이 많아 바깥 풍경을 즐길 수 있음,이사 비용이 예상보다 많이 발생함,"이사 비용이 예상보다 많이 발생하여 신중히 결정해야 함. 새 아파트는 창문이 많아 바깥 풍경을 즐길 수 있지만, 추가 비용이 예상치 못한 부담이 될 수 있음.",2024-03-03 19:08:39,2024-03-03 19:08:43
"LG전자, ‘스마트홈 AI 에이전트’ 첫 공개LG전자가 CES 2024에서 스마트홈 허브를 포함해 만능 가사생활도우미 역할을 수행하며 스마트홈의 가치를 높이는 ‘스마트홈 AI(인공지능) 에이전트(오른쪽)’를 첫 공개한다.LG전자(대표이사 조주완)가 CES 2024에서 생활가전 사업의 목표인 ‘가사 해방을 통한 삶의 가치 제고(Zero Labor Home, Makes Quality Time)’ 실현을 가속할 ‘스마트홈 AI(인공지능) 에이전트’를 첫 공개한다.스마트홈 AI 에이전트는 스마트홈 허브를 포함해 생활 전반에 도움을 주는 만능 가사생활도우미 역할을 수행함으로써 스마트홈의 가치를 높인다.스마트홈 AI 에이전트는 고도화된 로봇 및 AI 기술이 적용됐다. 두 다리에 달린 바퀴와 자율 주행 기술을 통해 집안 곳곳을 자유롭게 이동한다. 음성·음향·이미지 인식 등을 접목한 멀티모달(Multi Modal) 센싱과 첨단 인공지능 프로세스를 토대로 사용자의 상황과 상태를 정교하게 인지하고 능동적으로 소통한다.이 제품은 관절이 달린 두 다리를 활용해 카펫이나 바닥의 장애물을 자연스럽게 넘는 섬세한 움직임, 디스플레이에 표출되는 표정 등을 살린 풍부한 감정표현도 가능하다.이 제품은 스마트홈 AI 에이전트이자 스스로 이동 가능한 미래형 스마트홈 허브로서 가전 및 IoT 기기를 편리하게 연결하고 제어한다. 제품에 탑재된 카메라, 스피커, 다양한 홈 모니터링 센서는 집안 곳곳의 실시간 환경 데이터를 수집하고 가전 제어에 도움을 준다.스마트홈 AI 에이전트의 활용도는 매우 다양하고 확장 가능성이 크다. 고객은 집 밖에서 원격으로 반려동물을 모니터링하며 특정 공간에만 조명을 켜거나 에어컨을 가동시킬 수 있다. 또 불필요하게 동작하는 가전을 제어하고 외부침입 등 이상상황이 발생했다는 정보를 스마트폰 알람으로 받는다.이 밖에도 고객이 외출에서 돌아오면 반려동물처럼 현관 앞으로 마중 나와 반갑게 반겨준다. 고객의 목소리나 표정으로 감정을 파악해 분위기에 맞는 음악을 추천 및 재생하며 교감한다. 교통, 날씨, 일정 등을 알려달라고 말하면 각각에 해당하는 정보를 알려준다. 또 LG 씽큐 앱과 연동해 앱에 복약시간 정보를 입력하면 특정 시간에 맞춰 약 먹을 시간임을 알려주는 등 일상생활을 보조하는 역할도 수행한다.LG전자는 기존의 스마트홈 허브보다 훨씬 능동적으로 동작하는 스마트홈 AI 에이전트를 통해 가사 해방을 앞당길 뿐만 아니라 반려가전으로 고객과 교감하며 삶의 질을 향상시킬 것으로 기대하고 있다.LG전자 H&amp;A사업본부장 류재철 사장은 “스마트홈 AI 에이전트는 LG전자가 가사 해방을 위한 끊임없는 연구와 혁신 기술을 통해 낳은 결과물”이라며 “고객이 더 스마트하고 행복한 삶을 누리게 하는 스마트 라이프 솔루션 기업으로 거듭나도록 지속 노력할 것”이라고 말했다.","The context of the review is about LG Electronics introducing a new product called '스마트홈 AI 에이전트' at CES 2024. This product is described as a smart home hub that acts as a versatile household assistant, utilizing advanced robot and AI technology to move freely around the house, recognize user situations and states, and communicate actively. It can perform various tasks such as monitoring pets remotely, controlling lighting and air conditioning, providing information based on user requests, and even enhancing","The product_type in the review is ""스마트홈 AI 에이전트"" (Smart Home AI Agent). 

Explanation in Korean: 제품 유형은 ""스마트홈 AI 에이전트""입니다. 이 제품은 LG전자가 CES 2024에서 공개한 스마트홈 허브를 포함한 만능 가사생활 도우",구매,"긍정

이 리뷰는 LG전자의 '스마트홈 AI 에이전트'에 대한 소개 내용을 다루고 있습니다. 리뷰는 제품의 혁신적인 기술과 기능, 그리고 사용자에게 제공하는 다양한 혜택들을 강조하고 있습니다. 제품은",LG전자가 CES 2024에서 공개한 '스마트홈 AI 에이전트'는 스마트홈 허브를 포함하여 가정 생활 전반에 도움을 주는 만능 가사생활 도우미 역할을 합니다. 이 제품은 고도화된 로봇과 AI 기술이,기존의 스마트홈 허브보다 더 능동적으로 동작하는 LG전자의 '스마트홈 AI 에이전트'는 스마트홈의 가치를 높이고 사용자의 생활을 편리하게 도와주는 기능을 제공합니다. 이 제품은 고도화,"The review discusses the introduction of LG Electronics' 'Smart Home AI Agent' at CES 2024. The AI agent is described as a versatile household assistant that enhances the value of smart homes by performing various tasks and utilizing advanced technologies such as robotics and AI. It can move freely around the house, recognize user situations, and communicate actively. The AI agent can also control household devices, provide home monitoring, and interact with users in various ways, such as recommending music based on their mood. LG Electronics",2024-03-03 19:08:25.475623,2024-03-03 19:08:44.638577
의류관리에다.. 빨래 건조 기능도 있고 다림질 안해도 되고..    실내 제습까지 됩니다    좁은 자취방엔 이만한 가전이 없는것 같습니다..ㄷㄷ8개월 정도 쓰는중인데 신세계입니다 ㄷㄷ스타일러기능을 잘 못 쓸땐 빨래방에 종종 건조 돌리러 갔는데이젠 이불말릴때 빼곤 안가네요ㅋㅋ,자취,"다리미, 세탁기",구매,긍정,"다양한 기능(빨래 건조, 다림질 대체, 제습), 편리함",없음,"자취방에서 사용 중인 다리미와 세탁기가 다양한 기능을 제공하여 편리하고, 8개월 사용 후에도 만족스러운 신세계를 경험 중이며, 특히 스타일러 기능을 자주 사용하지 않더라도 다양한 기능으로 편리하게 사용 중이라고 언급함.",2024-03-03 19:08:40,2024-03-03 19:08:45
LG스타일러 제품인데  말레이시아로 발령이 나서 가져갈까 고민중입니다.말레이시아는 240V 입니다.  문제 없다는 사람도 있고 작은 제품만 된다는의견도 있습니다.  가져가도 될까요 ?고맙습니다.,LG스타일러,스타일러,모름,문의,없음,없음,"말레이시아로 발령이 나서 LG스타일러를 가져갈지 고민 중이며, 전압 문제에 대한 의견이 분분함. 가져가도 될지에 대한 질문을 하고 있음.",2024-03-03 19:08:42,2024-03-03 19:08:46
"종종 사용하던 로라 이사하면서 판매하려고 중고로 내놨는데, 전원이 안들어와서 결국 버려야겠네요 ㅜㅜ나름 부피가 있는 복합가전이다보니 폐기를 어떻게 해야할지 찾아보는데....적합한 항목이 전혀 안보이네요 ㅜ자전거 로라 폐기하신 분들 어떻게들 배출하셨나요?",이사,로라 (가정용 전자제품),구매,부정,없음,"전원이 안들어와서 사용 불가, 폐기 어려움","이사하면서 중고로 판매하려던 로라 제품이 전원이 안들어와 사용 불가능하여 폐기하기 어려운 상황이 발생함. 부적절한 폐기 방법으로 인한 고민을 토로하고, 동일 상황을 겪은 사람들의 경험을 물어보는 내용.",2024-03-03 19:08:43,2024-03-03 19:08:47
"독립해서 산지 30년 가까이 되면서 왠만한 에어컨은 종류별로 브랜드 별로 다 써보면서,특별히 이상이 생기거나 문제가 됐던적이 없었습니다.그래서, 지금 사는 집으로 2년전 이사를 하면서 한번도 써보지 않았지만, 싸게 팔길래 ""위니아"" 에어컨 2in1을 샀습니다.김치냉장고로도 잘 쓰고 있기에 싼 맛에(?) 디자인과 기능은 별로 였지만, 에어컨이 시원하기만 하면 됐지라는 생각으로 사게됐습니다.그런데, 설치 후 첫 해는 이상이 없다가 이듬해 인 작년, 그러니까 설치하고 1년 만에 문제가 생기기 시작하더군요.거실 실내기 뒷쪽 알루미늄 냉각핀(?)들이 퍼져 있는 금속 판에서 에어컨 가스가 새더군요.그래서 AS 센터에 수리 요청을 하니, 교체할 부품이 없어서 새 제품으로 교환하는 것 말고는 방법이 없다고 하더군요.(이때부터 어이상실) 아니 수십년 된 모델도 아니고 당시 신 모델을 샀는데 그 다음해에 교체할 부품이 없어서 새 제품 교체밖에 안된다니요..게다가 가격도 60만원.. 보증기간 1년이 지났다는 이유라네요. 작년 여름 끝무렵이기도 해서 고치지 않고 버티고 지나갔습니다.올해는 어쩔수 없이 여름을 나야하니, 어떻게 할까 하다가, 새제품 교체라도 하자는 마음으로 교체 요청을 했더니,올해는 수리 가능한 부품이 있다고 하더군요. 그러면 더 싸게 수리할 수 있겠지 기대를 했지만, 부품 교체비용+ 수리비용 합산 55만원을 달라고 하더군요. 헐...그럴 바엔 차라리 새 제품을 5만원 더 주고 교체하는 것으로 마음먹고, 새 제품 교체를 요청하니, 이번에는 교체 가능한 부품이 있기 때문에 새 제품 교체가 안된답니다.잉????이게 무슨 소리???? 아니 됐고, 소비자인 내가 새 제품으로 교체한다니까요?아니요, 고갱님, 부품이 없으면 새제품 교체가 가능한데, 부품이 있기 때문에 기존 제품은 수리 밖에 안된다구요.당췌 이해가 안가지만, 울며 겨자먹기로 55만원을 주고 6월에 수리를 했습니다.그런데, 어제까지 잘 동작하던 에어컨이 오늘부터 시원한 바람이 하나도 안나오네요. 헐~ 55만원이나 주고 수리한게 두달도 안됐는데 말이죠.또 어쩔수 없이 수리 AS 요청을 해야하는데, 무슨 이상한 소리를 할지 걱정이 앞섭니다.하아~ 정말 그동안 삼성, LG, 케리어 모두 써봤고, 지금도 방 하나엔 케리어가 설치되어 있고, 작은방엔 삼성 창문형 에이컨이 설치되어 있지만, 안방과 거실 2in1으로 실치한 위니아만 이 말썽을 부리고 있네요!!!그렇다고 당장 새 제품으로 교체할 수도 없고.. 앞으로 새로 에어컨을 사야하면 절대로 위니아는, 각격과 상관없이 패스입니다!!이 무더운 폭염에 에어컨으로 스트레스를 받아서 넋두리를 해봤네요. T.T;여러분 모두, 저와 같은 스트레스 없이 한 여름 잘 이겨내시길 바랍니다.감사합니다.",독립 및 이사,에어컨,구매,부정,초기에는 시원하게 작동,"부품 교체 및 수리 비용이 높음, 수리 후에도 문제 발생","30년간 다양한 브랜드의 에어컨을 사용해온 소비자가 위니아 에어컨을 구매 후 부품 교체 및 수리 비용이 높고, 수리 후에도 문제가 지속되어 실망함을 표현하고, 앞으로 위니아 제품을 구매하지 않을 것을 강조함.",2024-03-03 19:08:43,2024-03-03 19:08:47
"이제 전기차, 컴퓨터, 가전 이런거 전부 새로 사야 합니다.더 좋은게 나왔는데 가만히 보고 있을 순 없잖아요.아파트도 초전도 아파트로 광고 때릴겁니다.이사가야죠.아... 이제 수억원으로도 안되는 시절이 곧 옵니다.돈 많이 벌어두셔야 되요. ^^;;;;;;;","전기차, 컴퓨터, 가전 제품","전기차, 컴퓨터, 가전 제품",모름,부정적,없음,"더 좋은 제품이 나와서 불안감, 돈 많이 필요함","전기차, 컴퓨터, 가전 제품 등을 새로 사야 한다는 부정적인 리뷰. 더 좋은 제품이 나와서 불안감을 표현하고, 돈이 많이 필요하다는 언급이 있음.",2024-03-03 19:08:44,2024-03-03 19:08:48
"작년에 이사하기 전에는양문 냉장고, 투인원에어컨, 세탁기, 건조기, 제습기, 티비 정도였긴 하지만..평소에는 2-3만원 정도 나오는것 같았는데올해 1년 새집에서 살아보니..기본이 6-7만원이네요..-_-;컨버터블 냉장고 3종(냉동,냉장,김치), 시스템에어컨 4대, 인덕션, 워시타워, 스타일러, 제습기, 티비, 아!! 커피머신편안함을 얻는게 4만원이라...사실 여름 에어컨이 걱정이긴 하지만.. 이러려고 공사한거니..관리비가 평소 12만원 나왔었는데 요즘은 평균 16만원쯤 나오는것 같습니다.발코니 태양광이라도 달아야 하나 싶다다고 여름아니면 효율이 많이 떨어질것 같아서 요즘은 또 보조금도 없는것 같더군요생각보다 제품활용을 안한는것같은데 인덕션때문일수도 있겠네요그냥 용돈 좀 아끼죠뭐",이사,"양문 냉장고, 에어컨, 세탁기, 건조기, 제습기, TV, 커피머신, 인덕션, 워시타워, 스타일러",모름,부정,없음,"비용 증가, 관리비 상승, 제품 활용 부족","이사 전과 후의 생활비용 증가 및 관리비 상승에 대한 불만 표현, 제품 활용 부족으로 인한 아쉬움 표현.",2024-03-03 19:08:46,2024-03-03 19:08:51
저희가 현재 자가인데전세로 이사할 예정이거든요전세로 들어가는데 두가지 다 빌트인이라서요이거를 이동 설치하려면 엘지에 문의해야하나요아니면 그냥 이삿짐센터에서 해주나요?,이사,"빌트인 가전제품 (가스레인지, 전자레인지 등)",모름,문의,없음,없음,"전세로 이사할 때 빌트인 가전제품을 이동 설치해야 하는데, LG에 문의해야 하는지 아니면 이삿짐센터에서 처리해줄지에 대한 질문.",2024-03-03 19:08:48,2024-03-03 19:08:51
"갑작스레 실망한 점을 남겨 봐야 겠다 싶어 작성합니다.집 가전은 죄다 LG입니다. 청소기, 공기청정기만 다이슨이네요.아무튼 정말 죄다 LG인데 씽큐앱을 참 유용하게 사용하고 있습니다.전력소모량이 나오는 부분이 가장 좋았어요. 와인셀러 사용 시 씽큐앱도 좋았습니다. 아무튼 씽큐앱에 무한한 기대가 있었어요.지난 3월에 이사를 했는데 이때 시스템 에어컨을 설치했습니다.시스템 에어컨 4대를 설치했는데 리모컨은 딸랑 2개를 주더라구요. 이전 입주 아파트에서는 4개 리모컨을 줬었는데..그래서 물어 보니 요즘은 씽큐앱으로 컨트롤하게 되어서 리모컨이 사실상 필요 없는 상황이지만 만약의 상황을 대비해서 2개만 기본으로 지급된다고 하던구요.오.. 역시 씽큐앱이러면서 여름이 오기만을 기다렸습니다.약 2주 전 부터 열심히? 에어컨을 가동했는데 씽큐앱에서 에어컨은 전력 소모량이 나오지 않는거에요.물론 제가 가진 LG 가전 중 오래된 가전은 씽큐앱이 지원안되거나 씽큐앱에 등록은 가능해도 기능이 제한적인 경우가 많았습니다.저는 당연히 에어컨은 최신 제품을 구매했기에 소비전력이 표시될 줄 알았는데... 안되는거에요!엘지고객센터에 문의해 보니... 시스템 에어컨 사용자로 부터 이런 문의와 개선을 많이 받았고 그래서 23년 3월 생산분 실외기 모델에 따라서 소비전력이 씽큐앱에 표시된다고 하더군요...제가 설치한 에어컨의 실외기는 23년 2월 제조입니다. 아... 하.... ㅠㅠ아니 씽큐앱이 나온지가 언제인데 에어컨은 이제 지원되는건지 이해할 수 없다고 석연치 않은 반응을 보였으나.. 이건 펌웨어 업데이트 같은 것으로 해결될 사항은 아니고 이전 제조일자 실외기 설치되어 있으면 방법이 없다고 하더라구요... ㅎㅎ정말 대 실망이었습니다. ㅠㅠ","이사, 결혼","세탁기, 안마의자, 청소기, 공기청정기, 시스템 에어컨",구매,"긍정, 부정","소음이 적고 세탁력이 좋음 (세탁기), 피로 회복에 도움 (안마의자), 씽큐앱이 유용하게 사용됨 (청소기, 공기청정기, 시스템 에어컨)","가격이 비쌈 (세탁기), 없음 (안마의자), 씽큐앱에서 소비전력 표시 안됨 (시스템 에어컨)","세탁기는 가격이 조금 비싸지만 소음이 적고 세탁력이 좋음. 안마의자는 피로 회복에 도움이 되며, LG 제품들은 씽큐앱을 통해 유용하게 사용되지만 시스템 에어컨의 경우 씽큐앱에서 소비전력 표시가 되지 않아 실망함.",2024-03-03 19:08:45,2024-03-03 19:08:51
어무이 이사갈 때 세탁기랑 에어컨 구입해야해서 알아 봤는데일단 가전은 엘지이니 무조건 베샵에만 문의 했네요어무이가 하필 오브제에 꽂히셔서 ㅠㅠ저라면 오브제 절대 안 사겠지만 효도르라 생각하고 어쩔 수 없이 ㅠㅠ결국 오브제 트윈워시 세탁기랑 오브제 2in1 에어컨으로 최종가 510만원 견적 받았는데우째우째 몇몇 군데 더 알아보니에어컨은 한등급 상위 모델로 올리고 최종가 520만원 견적 받았네요...근데 인터넷 최저가 기준으로 680만원인데 너무 갭이 크니 어이가 없네요,이사,"세탁기, 에어컨",구매,부정,없음,"오브제 브랜드에 대한 부정적인 의견, 비싼 가격","어머니를 위해 오브제 브랜드의 세탁기와 에어컨을 구매하려 했으나, 높은 가격과 인터넷 최저가와의 차이로 인해 실망함.",2024-03-03 19:08:48,2024-03-03 19:08:52
"집에서 잘 쓰고 있던 삼성의 684리터급 양문형 냉장고가 15년이 다 되어가면서 고민이 생겼습니다. 집에서 독보적인 전력소모량을 자랑하고 있었기 때문이죠. 뒤에서 보시겠지만 에어컨 쓸 때 빼곤 거의 절반을 차지했습니다. 아시다시피 작년(2022)부터 전기요금이 차근차근 올라는 것은 물론이고, 적게 쓰는 사람들을 위한 혜택도 줄여가면서 부담이 늘어나다 보니 고장 여부와는 상관 없이 일단 효율 좋은 신형 냉장고로 바꿔야겠다고 마음 먹었습니다.그렇게 해서 결국 LG에서 나온 효율 1등급짜리 4도어 냉장고로 바꿨습니다. 위에 보시는 제품이죠. 흥미로운 건 이 제품의 공식적인 월 전력소비량은 43.7kWh이라는 것이고, 원래 쓰던 것은 29.4kWh였다는 것입니다. 하지만 후자의 수치는 믿을 수 없다는 걸 익히 알고 있었습니다. 부엌에 장착해둔 스마트미터가 6년 넘게 측정한 데이터에 따르면 그것의 2~3배는 소비한 기록이 있거든요. 그래서 새로 들어온 녀석은 어떨까 싶었는데...놀랍게도 이런 결과가 나왔습니다. 분명 냉장고를 가득 채우고 쓰는 중인데 자체 소비량이 40kWh도 아니고 30kWh대로 나온다는 것이죠. 이제 여름이 되면서 40kWh대로 올라가겠디만 평균을 내면 결국 공식 수치와 비슷하게 될 듯 합니다. 원래 쓰던 냉장고가 60~100kWh 범위로 소비를 했으니 월 30~60kWh 정도는 절전이 되는 상황입니다. 중요한 건, 요즘 찍혀 나오는 전력 소비량은 어느 정도 믿어도 되는 듯 합니다. 냉장고 오래된 걸 가지고 계시면 일단 곧이곧대로 믿으시지 않는 게 좋겠습니다.참고로 위의 그래프에서 2021년부터는 에어프라이어 소비량이 추가되다 보니 원래보다 10~20kWh 더 나오는 게 보입니다. 맛있는 식생활의 대가가 저 정도인 것이겠죠. 냉장고 하나 바뀐 것으로 저희 집의 총 전력사용량의 변화를 이어서 봅시다.저희 집은 코로나19가 터지기 전까지 여름철을 제외하고 월 200kWh 이하로 썼습니다. 4인 가족이 살고 있지만 절전 조치를 많이 해놔서 말이죠. 그런데 2020년에는 재택근무/수업을 많이 하게 되고, 그 이후에는 아이들이 크면서 활동 시간이 늘고 하면서 증가 요인이 계속 있다 보니 소비량이 200~230kWh 수준으로 올라갔습니다.그랬던 게 냉장고 교체를 한 것만으로 다시 6년 전 수준으로 소비량이 내려갔습니다. 지금까지 했던 절전 조치 중에서는 집안 전체 조명을 LED등으로 교체한 것 이후로 제일 효과가 컸다고 할 수 있겠습니다. 실제로 2016년 이전 소비량도 200kWh 정도였는데 저렇게 줄인 게 조명 때문이었거든요. 당시에는 그 조치로 전기요금이 눈에 띄게 줄었는데...이번의 조치도 금액 관점에서는 비슷하게 줄어들었다고 볼 수 있겠습니다. 월 만 원 정도 줄었으니까 말입니다. 그런데 문제는 소비량을 이전 수준으로 낮췄는데도 요즘 들어 전기요금 자체가 많이 올라서 내는 요금 자체가 그 때의 2배 수준이라는 것입니다. 이건 좀 억울하네요. 예전처럼 저렴하게 전기료 내는 건 다시 안 돌아오는 걸까 싶습니다. 그리고 자세히 보시면 눈치채셨겠지만 지난 5월 요금 인상 때문에 소비량은 5월 → 6월 사이 분명히 줄었는데도 요금은 오히려 늘었습니다. 그래서 여기에 에너지캐시백을 끼얹어봅시다.한전의 에너지캐시백은 직전 2년의 평균 전력사용량보다 3% 이상 절감을 하면 절감한 월 사용량 kWh당 30원을 돌려주는 절전 유도 사업입니다. 올 하반기 사업은 절감율이 높을수록 캐시백 금액이 커지는데, 상반기까지는 그냥 30원 고정이라 이렇게 나왔습니다. 월 1천~2천 원 정도 추가로 감액되는 효과가 있었죠. 없는 것보다는 낫지만 예전 수준으로 돌아가기엔 턱도 없습니다. 진정한 효과는 올 여름 새로 교체한 에어컨으로 볼 수 있기를 기대하고 있기는 합니다. 그건 몇 달 후 결과가 나오면 정리해 봐야죠.좀 더 많은 이야기와 그래프는 동영상을 참고하시기 바랍니다. 그럼 집에 있는 냉장고가 오래 된 분은 참고가 되셨으면 합니다.",냉장고 교체,냉장고,구매,중립,새로운 냉장고의 전력 효율이 높음,전기요금 상승으로 인한 부담,"15년 된 삼성 냉장고를 LG의 효율 1등급 4도어 냉장고로 교체하여 전력 소비량이 줄어들었지만, 전기요금 상승으로 인해 부담이 있음. LED 조명 교체 등의 절전 조치로 전력 소비량을 줄인 경험을 공유하며, 에너지캐시백 프로그램을 언급하여 전력 소비 절약에 대한 노력을 이야기함.",2024-03-03 19:08:47,2024-03-03 19:08:52
"가전은 LG 라고 믿고 있어서 혼수 가전을 LG 로 싹 구매했었는데,3년 만에 건조기가 전원이 안 켜지더니,이번에는(4년차) 세탁기가 전원이 안 켜지네요AS 기사님은 메인보드가 고장나서 새걸로 교체해야 한다고 하시네요..(16만원)이건 뽑기운으로 봐야하나요..아니면 보통 다들 3~4년에 한번씩 메인보드를 교체하면서 쓰시는건가요..이사를 한번 했는데, 이게 원인이 없다고 할수는 없으니 16만원씩 두번 주고 교체를 하긴 했는데 좀 슬프네요.",LG 가전 제품,"건조기, 세탁기",구매,부정,없음,"제품 고장 발생, 비용 부담","LG 가전 제품을 신뢰하며 구매했지만, 3년차 건조기 고장과 4년차 세탁기 고장으로 인해 메인보드 교체로 인한 비용 부담과 슬픔을 토로함. 이사를 한 것도 원인이 될 수 있음을 언급함.",2024-03-03 19:08:51,2024-03-03 19:08:55
내일이 이사하는 날인데 가전 가구 둘다 15년이상씩 썼기 때문에 싸그리 다 바꿀요량으로 가전운 원래 엘지를 선호해서 엘지매장가서 구매하려했는데 집사람이링 홉플러스 간김에 가전매장에 어떤게 있나 구경하러 갔다가엘지매장에 마침 사람이 없었고 삼성쪽에 판매하는 직원이 계셔서 설명해주시는데 가전사면서 이렇게 친절하게 응대해준 분은 처음이라 삼성애서 냉장고 세탁기 에어컨을 했습니다.이렇게 6월3일날 결제를하고 배송날짜를 27일로 했습니다이사하눈날이 27일이니깐요. 가격도 하이마트 전자랜드 갈때마다 같은제품으로 가격을 뽑아도 그가격에는 안되겠다며 가격잘받으셨다고 하셨습니다이시하는날은 27일이지민 임대아파트를 퇴거신청하였기에한두번정도는 새집에 갈일이 있어서 조금 빨리 달겨지냐고 문의를 넣으니 6월 19일날짜로 다 된다고 하셔서 18일닐 물류센터에서 전화까지 받았습니다물류센터가 틀랴서 에어컨 따로 냉장고 세탁기가 같이 온다고 했는데 각각 전화가 왔습니다. 에어컨은 문제가 안됐는데 냉장고 세탁기 물류쪽은 저희가 둘다 일하니깐 오후 3-4시쯤으로 요청을 하니 수화기 넘어로 곤란하다는 느낌을통화를 받아 그럼 원래 날짜인 27일은 되겠냐거 하니 괜찮다고 하시길래 그렇게 하자고 했습니다.그사이 20일날 에어컨은 배송받고 설치도 잘 되었습니다그리고 오늘아침????첨에는 대충읽어가지고 제품 두개다 배송이 안되는줄 알았고 장마기긴이라 그런가보다 생각했는데 지히주차장이 있었거 문제 될게 없는데 하면서 다시보니 냉징고가 배송지연이라고 뜨더라고요 아니 왜? !!주문상세정보를 봤습니다지금 들어가보니 재고확보가 안됐다??이건 원래 우리집으로 오기로했던 제품이 다른집으로 깄다는거 밖에 설명이 되지않습니다. 19일날 배송할거라고 18일날 전화까지 받았으니깐요기존가전은 이미 당근을해서 내일 이사하면서 다ㅜ가져가기로했는데 말이죠. 냉장고도 구매자가 화물차를 불러놨다고하는데…..제가ㅜ어디까지 이해를 해야하는지장마때문에 그런거라면 이해라도 하겠습니다. 애초에 재고학보가 어려워 배송기간이 길수도 있다라고 했어도 이해했울겁니다. 이건 저희집 제품이 다른데로 갔다는 말밖에 안되는거니깐요. 이거야 말로 소비자 기망행위 아닐까 싶네요행여 정말 배송안된다면 기존에 음식물들은 어떻게해야할지 벌써부터 머리가 아픕니다. 아침부터 화가 머리끝까지 나서 일이 안잡힙니다. 숭악하네요 샘송!!,이사,"냉장고, 세탁기, 에어컨",구매,부정,없음,"배송 지연, 재고 확보 문제, 오류로 다른 집으로 제품이 배송됨","이사 준비로 가전제품을 새로 구매하려 했으나, 삼성에서의 구매 과정에서 배송 지연과 재고 문제로 인해 냉장고가 다른 집으로 배송되는 등의 불편함을 겪었고, 소비자 기망행위로 느껴질 정도의 불만을 표현함.",2024-03-03 19:08:51,2024-03-03 19:08:56
안녕하세요~이사가전을 보고 있어요~ 내집장만 이사지만 신혼은 아니라서 인터넷 가성비 제품으로 세탁기건조기 알아보는 중이에요~딩크라서 최고 큰 용량은 필요없고 또 세탁실 사정이 일체형은 어려울 수도 있어서 분리형으로 사려고 해요!!대충 많이 구매하는 적당한 무난한 제품으로 골랐어요엘지 삼성 한개씩....비슷한 스펙!!근데 가격차가 40만원이네요!! 그래서 넘 고민이에요.모터 생활가전은 엘지는 잘 알지만... 40만원이..ㅎㅎ한번 두 제품과 가격 봐주시고 어떤게 현명할지 조언 부탁드릴게요!!,이사,세탁기 및 건조기,모름,요청 및 비교,"가성비 고려 중, 적당한 무난한 제품 선택",고민 중인 가격 차이,"이사를 앞둔 상황에서 세탁기와 건조기를 구매하려는데, LG와 삼성 제품을 비교 중이며, 40만원의 가격 차이로 고민 중이라고 언급하며, 어떤 제품을 선택해야 할지 조언을 요청하고 있음.",2024-03-03 19:08:51,2024-03-03 19:08:56
"자취를 하면서 과한 청소기는 필요없었고,본가에서 출시때부터 잘쓰고있는 다이슨 v10모델의가격이 많이 착해졌길래 구매했습니다.그런데 처음 사용할 때부터 청소기가 2-3초 돌고 멈추는 증상이 있더군요.청소기가 없으면 너무 불편하고, 혼자 사는 1.5룸 정도는 불편해도 쓸만해서 참고 써오다가 5월 26일에 집 앞 센터에 맡겼습니다. 보자마자 새제품 교환 대상이라고 하시더군요.2주정도의 기한을 안내받고 오래걸리지만 쿨한 다이슨 as를 맛봤다 생각했는데 ... 3주가 더 지난 지금도 제품을 못받고 있습니다.전화를 했더니 지난 주 까지는 곧 갈거라는 답변,오늘은 기가막히게도 전국 다이슨 에이에스가 내부사정에 의해무기한 연기중이랍니다.1주일 더 기다려달라 이런게 아니라 언제 처리될지 답을 못준다입니다. 아니, 그러면서 지금도 버젓이 라이브방송도 해가며 제품을 파네요?as가 불가능한 기업이면 그런 내용을 고지하고 팔아야죠.청소기 없는 삶때문에 너무 스트레스네요. 이참에 국산 제품 구매하고 다이슨은 처리되는 순간 당근행 하든가 해야겠습니다.구매 예정이신 분들 참고해주세요.",자취,청소기 (다이슨 v10모델),구매,부정,가격이 저렴,"제품 초기에 사용 중 문제 발생, 서비스 및 교환 지연, 불편한 상황 및 스트레스","자취 중에 구매한 다이슨 v10모델 청소기가 초기에 사용 중 문제가 발생하여 서비스 및 교환 지연으로 인해 불편함과 스트레스를 겪고 있으며, 국산 제품을 고려하고자 함을 언급하며, 구매 예정자들에게 경고함.",2024-03-03 19:08:52,2024-03-03 19:08:57
부모님 댁 에어컨이 대충 15~20년 정도 되었습니다.그동안 당연히 에어컨 청소는 하시지 않았겠죠..작년에 에어컨에서 냄새나는 걸 느끼고 올해에는 청소업체를 불러야겠다고 생각했는데게을러서 5월 중순이 되어서야 업체에 예약을 했습니다.(자취 시절 벽걸이 에어컨 청소 셀프로 해보고 다시는 안합니다,부모님 댁,에어컨,구매,부정,없음,"에어컨 오랜 사용으로 냄새 발생, 청소 소홀로 인한 후회","부모님 댁의 오랜 사용으로 에어컨이 냄새가 나고, 청소를 소홀히 해온 것을 후회하며 청소 서비스를 예약했지만 늦게 예약한 점을 아쉬워함.",2024-03-03 19:08:53,2024-03-03 19:08:58
"안녕하세요 초코클랸입니다.5년전인가요? 새집으로 이사오면서 LG베스트샵에서 워시타워를 구입했습니다.그 이후로 건조기는 잘 쓰고 있고 LG베스트샵은 잊고 살고 있었는데요.얼마전 와이프폰으로 베스트샵 포인트 20만점이 이번달 말(5월말)이면 사라진다고 문자가 왔습니다.확인해보니 워시타워를 구입하면서 생긴 포인트더라구요.마침 큰 아이에게 에어팟을 사줄까? 생각했던지라 에어팟을 구입하면 되겠다!싶어 베스트샵에 갔습니다.그런데 아쉽게도 에어팟은 팔지를 않네요. ㅜㅜ에어팟 구입만을 생각했던지라 물건이 없으니 꽤 당황스러웠습니다. 그래도 무엇이 필요할까? 고민을 하면서 둘러봤는데 막상 20만포인트로는 살만한 것들이 없더라구요.같이 갔던 와이프 왈! 요즘 유선청소기 상태가 오늘 내일 하니 청소기나 사자!라고 하는데 청소기를 사려면 12만원을 더 줘야 합니다. (싸이킹 일반 모델이 약 32만원 정도 하더라구요.)싸이킹이라는 모델에 대해 알아본 것도 없고 또 추가로 비용을 들여야 하니 왜 이리 마음이 안가는지요!노트북, 스마트폰 같은 전자기기는 얼씨구나!하고 찾아보겠는데 왜 이리 집안가전은 매력적이지 않을까요?그래도 아마 내일 저녁땐 집에 새로운 청소기가 와있을것 같습니다.",이사,"워시타워, 에어팟, 청소기",구매,부정적,없음,"에어팟 구입을 위해 가지고 있던 포인트로는 원하는 제품을 구매할 수 없음, 추가 비용이 발생하여 마음이 안정함","LG베스트샵에서 워시타워를 구매하면서 쌓인 포인트를 이용해 에어팟을 구매하려 했으나 원하는 제품이 없어서 실망하고, 대체로 집안가전 제품에 대한 관심이 낮아 마음이 안정함. 결국 와이프의 제안으로 청소기를 구매하게 되었으며, 집에 새로운 청소기가 도착할 것으로 예상함.",2024-03-03 19:08:56,2024-03-03 19:09:00
이사갈 때 새로 살 가전들 문제로 와이프랑 대부분 다 합의가 됐는데..유독 TV만큼은 의견이 갈리네요.저 : 화질보다 크기다! 75인치나86인치다!와이프 : 작은 집에 무슨 75인치냐! 65인치로 하고 화질 좋은 걸로 해라!시청거리가 대충 2~2.4m 인데..와이프는 올레드 65인치저는 그냥 uhd 86인치 or QLED (QNED) 75인치주장 중입니다..하지만 결론은 와이프 맘 이겠죠? ㅠㅠ,이사,TV,모름,중립,없음,의견 차이로 인한 논란,"이사할 때 TV 구매에 대한 의견 차이로 인해 논란이 있으며, 와이프의 의견이 최종 결정될 것으로 예상됨.",2024-03-03 19:08:58,2024-03-03 19:09:01
"지금 쓰고 있는 게 아이폰 12프로인데…      예전엔 매년, 어떤 땐 1년에 두번씩 바꾸고 그랬거등요?     거기다 아이패드, 워치, 노트북 등등…     근데 맛폰 가격이 점점 오른 것도 있고 해서 2년에 한 번씩 바꾸자! 하고는 작년쯤엔 바꾸려고 했는데…     작년에 이사하면서 가전제품들 새로 들이다 보니 느껴지더라고요.     '와씨! 맛폰 가격이 ㅎㄷㄷ 한 거였구나…'     냉장고, 세탁기 등등 어지간한 가전은 맛폰보다 싸거나 비슷한데 얘네들은 한 번 사면 길게는 10년 넘게도 쓰잖아요?     와이프가 괜히 자꾸 내 등짝을 강하게(?) 쓰다듬었던게 아니였더라고요…     물론 맛폰 같은 전자기기 살 때 기존 기기는 중고로 팔아 버리니 순수한 지출은 좀 적어지지만 그래도 매년 바꿀만한 이유도 없었는데 세상 쓸 데 없는 지출을 반복했던게 좀 자괴감 들더라고요.     나이 들면서 돈 쓰는 재미보단 모으는 재미를 더 즐기는 편이 되다 보니 진작 이런 허튼 지출들을 줄이고 투자처에 보탰으면 지금쯤 적지 않은 차이를 낳았을 것 같기도 하고요.     시쳇말로 '애플기기 안 사고 애플주식을 더 샀더라면' 이런 우스운 생각도 해 보게 됩니다.",맛폰 및 가전제품 구매,"아이폰 12프로, 아이패드, 워치, 노트북, 냉장고, 세탁기 등",구매,부정적,없음,"맛폰 가격 상승, 불필요한 소비로 인한 자괴감, 돈을 모으고 투자하는 것의 중요성에 대한 깨달음","매년 새로운 전자기기를 구매하던 습관을 반성하며, 돈을 모으고 투자하는 것이 더 나은 선택이었을 것이라는 후회와 자기비판을 토로한 리뷰. 현재의 소비 습관을 반성하고 미래에 대비하는 방향으로 전환하고자 하는 내용.",2024-03-03 19:08:57,2024-03-03 19:09:04
"안녕하세요. 벌써 금요일이네요~^^이사갈 곳 사전점검까지 하고 아내랑 서로 일정 조율하면서 이사 날짜 까지 대략 정하니까 이사가 실감 나네요~가는 곳이 신혼희만타운인데...나이도 결혼연차도 신혼은 아니라~ ㅎㅎ 오래된 가전들을 바꾸면서 갈까 해요처음에 결혼 전 아내랑 원룸에서 시작할때 냉장고 세탁기 100에 맞춰서 샀었는데...이제 돈이 여유가 있는데도 절약정신이 습관이 됐는지 이럴때도 소비에 멈칫하게 되네요얼마전 신축아파트 엘지 지마켓 공구 특가로 제품들을 소개받아 오늘까지 사면 할인이 꽤나 크더라구요 근데 스마일카드로 오늘까지 사야한다고 해서 카드가 없는 저는 그냥 패스 했어요~예산350 정도로 사려고 했던건데 패스한 김에...아예 300에 인터넷으로 냉장고 세탁기 건조기를 사고 50만원으로 스마트티비, 커피포트, 믹서기를 사는걸로 방향을 잡았네요 ㅎㅎ이사까재 두달 반 남았는데 350만원으로 이사 가전 맞추기 도전해봅니다 아자~ ㅎㅎ",이사,"냉장고, 세탁기, 건조기, 스마트티비, 커피포트, 믹서기",구매,긍정,가전 제품들을 저렴하게 구매,스마일카드로 할인을 받지 못한 점,"이사를 앞둔 상황에서 저렴한 가전 제품들을 인터넷으로 구매하여 예산을 맞추고, 이사에 대한 설레임을 나누는 내용.",2024-03-03 19:09:01,2024-03-03 19:09:04
